-- MySQL dump 10.13  Distrib 5.7.9, for Win64 (x86_64)
--
-- Host: localhost    Database: ghealth
-- ------------------------------------------------------
-- Server version	5.7.12-log

/*!40101 SET @OLD_CHARACTER_SET_CLIENT=@@CHARACTER_SET_CLIENT */;
/*!40101 SET @OLD_CHARACTER_SET_RESULTS=@@CHARACTER_SET_RESULTS */;
/*!40101 SET @OLD_COLLATION_CONNECTION=@@COLLATION_CONNECTION */;
/*!40101 SET NAMES utf8 */;
/*!40103 SET @OLD_TIME_ZONE=@@TIME_ZONE */;
/*!40103 SET TIME_ZONE='+00:00' */;
/*!40014 SET @OLD_UNIQUE_CHECKS=@@UNIQUE_CHECKS, UNIQUE_CHECKS=0 */;
/*!40014 SET @OLD_FOREIGN_KEY_CHECKS=@@FOREIGN_KEY_CHECKS, FOREIGN_KEY_CHECKS=0 */;
/*!40101 SET @OLD_SQL_MODE=@@SQL_MODE, SQL_MODE='NO_AUTO_VALUE_ON_ZERO' */;
/*!40111 SET @OLD_SQL_NOTES=@@SQL_NOTES, SQL_NOTES=0 */;

--
-- Table structure for table `appointments`
--

DROP TABLE IF EXISTS `appointments`;
/*!40101 SET @saved_cs_client     = @@character_set_client */;
/*!40101 SET character_set_client = utf8 */;
CREATE TABLE `appointments` (
  `appID` int(11) NOT NULL AUTO_INCREMENT,
  `appDate` date NOT NULL,
  `appInviteDate` datetime NOT NULL,
  `appTime` int(11) NOT NULL,
  `appReview` varchar(2500) DEFAULT NULL,
  `appPrice` int(11) DEFAULT NULL,
  `appMissed` int(11) DEFAULT '0',
  `specialist` int(11) NOT NULL,
  `client` int(11) NOT NULL,
  PRIMARY KEY (`appID`),
  UNIQUE KEY `appID_UNIQUE` (`appID`),
  KEY `specialist_idx` (`specialist`),
  KEY `client_idx` (`client`),
  CONSTRAINT `client` FOREIGN KEY (`client`) REFERENCES `clients` (`clientID`) ON DELETE NO ACTION ON UPDATE NO ACTION,
  CONSTRAINT `specialist` FOREIGN KEY (`specialist`) REFERENCES `specialists` (`specialistID`) ON DELETE NO ACTION ON UPDATE NO ACTION
) ENGINE=InnoDB AUTO_INCREMENT=22 DEFAULT CHARSET=utf8;
/*!40101 SET character_set_client = @saved_cs_client */;

--
-- Dumping data for table `appointments`
--

LOCK TABLES `appointments` WRITE;
/*!40000 ALTER TABLE `appointments` DISABLE KEYS */;
INSERT INTO `appointments` VALUES (4,'2016-05-16','2016-05-07 19:53:29',4,NULL,NULL,0,10,1),(6,'2016-05-16','2016-05-07 19:55:12',15,NULL,NULL,0,1,1),(9,'2016-05-16','2016-05-07 19:58:14',18,NULL,NULL,0,10,1),(16,'2016-05-10','2016-05-09 22:04:14',2,NULL,NULL,0,2,1),(17,'2016-05-09','2016-05-11 15:42:05',2,NULL,NULL,0,2,1),(18,'2016-05-16','2016-05-11 17:17:17',15,NULL,NULL,0,1,1),(21,'2016-05-15','2016-05-14 19:48:23',4,NULL,NULL,0,10,1);
/*!40000 ALTER TABLE `appointments` ENABLE KEYS */;
UNLOCK TABLES;

--
-- Table structure for table `branches`
--

DROP TABLE IF EXISTS `branches`;
/*!40101 SET @saved_cs_client     = @@character_set_client */;
/*!40101 SET character_set_client = utf8 */;
CREATE TABLE `branches` (
  `branchName` varchar(45) NOT NULL,
  `branchAddress` varchar(45) DEFAULT NULL,
  `manager` varchar(9) DEFAULT NULL,
  PRIMARY KEY (`branchName`),
  KEY `manager_idx` (`manager`),
  CONSTRAINT `manager` FOREIGN KEY (`manager`) REFERENCES `person` (`personID`) ON DELETE NO ACTION ON UPDATE NO ACTION
) ENGINE=InnoDB DEFAULT CHARSET=utf8;
/*!40101 SET character_set_client = @saved_cs_client */;

--
-- Dumping data for table `branches`
--

LOCK TABLES `branches` WRITE;
/*!40000 ALTER TABLE `branches` DISABLE KEYS */;
INSERT INTO `branches` VALUES ('IHealth 1','Haifa',NULL),('IHealth 2','Tel Aviv',NULL),('IHealth 3','Jerusalem',NULL),('Mini IHealth','Ramat - Gan',NULL);
/*!40000 ALTER TABLE `branches` ENABLE KEYS */;
UNLOCK TABLES;

--
-- Table structure for table `clients`
--

DROP TABLE IF EXISTS `clients`;
/*!40101 SET @saved_cs_client     = @@character_set_client */;
/*!40101 SET character_set_client = utf8 */;
CREATE TABLE `clients` (
  `clientID` int(11) NOT NULL AUTO_INCREMENT,
  `person` varchar(9) NOT NULL,
  `clientClinic` varchar(45) NOT NULL,
  `clientStatus` int(11) DEFAULT NULL,
  `joinDate` date DEFAULT NULL,
  `leftDate` date DEFAULT NULL,
  PRIMARY KEY (`clientID`),
  KEY `personID_idx` (`person`),
  CONSTRAINT `person` FOREIGN KEY (`person`) REFERENCES `person` (`personID`) ON DELETE NO ACTION ON UPDATE NO ACTION
) ENGINE=InnoDB AUTO_INCREMENT=5 DEFAULT CHARSET=utf8;
/*!40101 SET character_set_client = @saved_cs_client */;

--
-- Dumping data for table `clients`
--

LOCK TABLES `clients` WRITE;
/*!40000 ALTER TABLE `clients` DISABLE KEYS */;
INSERT INTO `clients` VALUES (1,'123456789','Clalit',1,'2016-05-06','2016-05-11'),(2,'741852963','Maccabi',0,'2016-05-08',NULL),(3,'147258369','Meuhedet',0,'2016-05-11',NULL),(4,'852963741','Maccabi',1,'2016-05-11',NULL);
/*!40000 ALTER TABLE `clients` ENABLE KEYS */;
UNLOCK TABLES;

--
-- Table structure for table `dates`
--

DROP TABLE IF EXISTS `dates`;
/*!40101 SET @saved_cs_client     = @@character_set_client */;
/*!40101 SET character_set_client = utf8 */;
CREATE TABLE `dates` (
  `dateDate` date NOT NULL,
  `specID` int(11) NOT NULL,
  `appointments` varchar(18) DEFAULT NULL,
  PRIMARY KEY (`dateDate`,`specID`),
  KEY `specialist_idx` (`specID`),
  CONSTRAINT `specID` FOREIGN KEY (`specID`) REFERENCES `specialists` (`specialistID`) ON DELETE NO ACTION ON UPDATE NO ACTION
) ENGINE=InnoDB DEFAULT CHARSET=utf8;
/*!40101 SET character_set_client = @saved_cs_client */;

--
-- Dumping data for table `dates`
--

LOCK TABLES `dates` WRITE;
/*!40000 ALTER TABLE `dates` DISABLE KEYS */;
INSERT INTO `dates` VALUES ('2016-05-10',2,'010000000000000000'),('2016-05-12',2,'010000000000000000'),('2016-05-15',1,'111111111111111111'),('2016-05-15',10,'000100000000000000'),('2016-05-16',1,'111111111111111111'),('2016-05-16',10,'000000000000000001'),('2016-05-17',1,'111111111111111111');
/*!40000 ALTER TABLE `dates` ENABLE KEYS */;
UNLOCK TABLES;

--
-- Table structure for table `examination`
--

DROP TABLE IF EXISTS `examination`;
/*!40101 SET @saved_cs_client     = @@character_set_client */;
/*!40101 SET character_set_client = utf8 */;
CREATE TABLE `examination` (
  `exID` int(11) NOT NULL AUTO_INCREMENT,
  `exDetails` varchar(1500) DEFAULT NULL,
  `exPicture0` longblob,
  `exPicture1` longblob,
  `exPicture2` longblob,
  `exPicture3` longblob,
  PRIMARY KEY (`exID`)
) ENGINE=InnoDB AUTO_INCREMENT=2 DEFAULT CHARSET=utf8;
/*!40101 SET character_set_client = @saved_cs_client */;

--
-- Dumping data for table `examination`
--

LOCK TABLES `examination` WRITE;
/*!40000 ALTER TABLE `examination` DISABLE KEYS */;
INSERT INTO `examination` VALUES (1,'sdfsdfds','\\\0JFIF\0\0H\0H\0\0\\0C\0\r	\n\n\r\n\r \' .)10.)-,3:J>36F7,-@WAFLNRSR2>ZaZP`JQRO\\0C&&O5-5OOOOOOOOOOOOOOOOOOOOOOOOOOOOOOOOOOOOOOOOOOOOOOOOOO\0_p\"\0\\0\0\0\0\0\0\0\0\0\0\0	\n\\0\0\0\0}\0!1AQa\"q2#BR\$3br	\n\Z%&\'()*456789:CDEFGHIJSTUVWXYZcdefghijstuvwxyz\\\\\\\\\\\\\\\\\\\\\\\\\\\\\\0\0\0\0\0\0\0\0	\n\\0\0\0w\0!1AQaq\"2B	#3Rbr\\n$4\%\Z&\'()*56789:CDEFGHIJSTUVWXYZcdefghijstuvwxyz\\\\\\\\\\\\\\\\\\\\\\\\\\\\\0\0\0?\0azL\Y\VI(\"õE\Z@J:sN\*-Ի\L\\z]8\n#0s\L.h9CL-Qn-@wLy3QI@\JsS@\J)<\ңsH3G4퇭\mi\ \b\rQ\	w\q玵\\\H9nGDĻ2͎-\)\Y\\\R;DgU`2$\jd\aSB\\a\\?ƀ6\ ԃ@\\r\\0ZgJ\fi	\%F^/HZn\6`;4f\0\\\fJ\0\\\fR\Q#\?\8\@\?e:\":*`(\nS\\PKB攧\ZM<F\qN\Ek`ң\$i$8U5.\0\U\\\\Ēd\Gq\G;F@$c*`A\0Y4\\m.NXm\?ҩ·\!i/$eV$@\Zz\;CEC\ZI<0H^{Q\_[ۃ%ߚ	\qUl\	\"I#Bn\3H\r#=i\E\\@=a[\0iʀC4eHo\	\/YjO\0f\!Z \5N\z@ͷp85o<P\0MFl\\=\04I E\\ 	m\\\\0\ʌ\b\$s<I9ٻ;T\~\lk\0\\ j`6;\w\\\0\"L\09\\Sh+?s\*\r}\n<*ބ.Sѧ\:YXO\Q\\#*Jar\:\\if\T\0_j6+m̛	\Q>M\'_p\*#\0&g~\4y*#$$MZ\i\D!P7ЃHU;ŏ\rJcC\T\v}	=A\\0(eBޫ\MbAOzgҬ\]nK(S\ɬ\\\)\\\=1\ZMƅWGs\5B\ɴ@\s+/$c9뚴/\\}m \rSMR\Zj7\nHDTLJed\\rX\0W?\ OJ\0m(\\\\:_/Ҁ#D\LR*`ԂRw\Pv❊K!b\\ǵ0ou8\TR?硥WM\B\2O\\\9<\4INI\Z .kwp]<f\^Xf.\ß\\\L\'q5W*;T^\4\\-\B\\{sW#\\Kq\n\\T\:~C\:Tӂ\\j\'`iŪ\|H9ʞ\"g\\2A\\d7b4\r@C0I$\",m\\g)\0í*ƬA$w1.q|).@8\=jV6\g⢛Rfe	bvo\0\\\\$c\E\kx)E\h\X|o*\\þ1pG\6Tθ\\&)6@\B\՘\\(\;i\5ebHR\\\bSWU\\8FjVR`.8\")EJOn\r\\0m+\ \4\'4\\\	cOޥ]\ӆ\04&\q4\h9Q\\\\\^\ېv\015}=j7^ޣ\0sZ\	kp	(IW\E?Mi˂1\z?M\,4p5GO\\#TQ81\٭ܿG\\(qBpd\Z_<\nzn#\0\\\rP ק\PB\\cҢn򁝵!tT/-\\'ɑ\\Ϲy\\搂	\5x\eݵpd\Q\\\nŴ[{\rFC{{T]\nˀ}\sT2\\ZpjΊ[5h\\\\S\\\/:3mI\t\.\rby\Mnbo$1\ \nj\/m9x@9\}ܞL2ĝ8\ZK8#͒\JNAcG[fH|2\0ZG\Y\-І\d=ܲ<y%\J\Rh--㍕\@>ӻ6(\QK}n\`ہ\\%o\2J\$+\"\BGB@C\\_Zմim\ܗ,܄\\\\RLM3?HѝV-.\FJTW(@ѳ2\N\rs\﹖2:Ȩe\\W\鴐=3VE\3*V!gƺRh\,Ĝv\ֹأ2\c8=ɩ`N/\ZbK9\\\\:Y\¬\{\c4\Z\:FDc\0\6\푼\>l;U /#į\nlmlpj\\\\\^و~\\\0^\W)\$y!\=\Z7!2-W=\\0g 9#?Z\.&(\s2\z\02 {՛z҃(E\T:~\`}˸ҲIQ\n\\\C\s%\56Ӄ\\ZU\b\l\*bqBiip\0m\5C,q\v\0,\gT3+ԧ2_HŃs`\Z\ux\\H.\\0\\\"\'~C/L\y~k\r\ǯ\֫q~\\\Z=\dW^8Ÿa)e$eTt\\M\\"+&\\Q-Wn\0xF\\q\c\uteX>ITņPO\'HUzRl>`\\Ÿ\vJ\\05!fE\\nO\'<´PbHe\\\Y\&~U\uǽD .[x\4u=XZL\A+?z]^H\\&\L\Eqڄ2\ 0;s\n鮥-\n6G\\y$N\Wy\x݆9\\{C\; x\\0\֣\l1\ڙ,_3d\\R̾[*{sҶa \)\0\\0׬t!V\\0RbH:/b\)k\q9VQ\zU}\Z2r1-\x-Z\nŞ\6\\ýNJ\8*6\9\8R\0(9^024ۀ\0\\\WB.\\3\s\Z|\\eMW\=\5\;/# 60H\Lf\\\P.\`!Z1K\M,(\0\'\ɥ-L-L0\wI7bu!p:(\0\&i ~\\\	3Fj=\\y\\M7/\>s\\\04\C+ͱbIN}運\œ\rk\\+\J4h\kj\-\r͂=8\He*6L{\Z\n\FwSb*\E.\,\\J\\\n\\\0TԤuEdrq\T4շ\̍#\\r^:$Ӫz\\u6VC99\gh\0\Aec\x\UgŅ\R\qޏ7c;Kf9ry|`N\n%z\j\\2Y\Lѳ)R\#\k9C\q9\sH\'F\!@\\nw,v%\99\C.ќb\OZw@\13㯹\"4\\#bR;4\Q7L\\"\H&q&H\G,wCъ\@;z\0\Z\18\\Ԭ@R\'\q.?%M\\=X]-X @\s\\V::\W^\rq\\\O\\t:#\,YwUz\^A!B\c*ܚ\3\<L@\ƽw΃~\ǐG\\g\5r,Y\-fz2\\\\2oq\N>\\\E\EfGrz~U=MR\!\'=>+Qeo\f\A\<n$IqvF\'\\\0<=;l.٢\' \\)# \0I\sUn\\&CP,?4rE(L	~Xt$\{Tڑ>FNF\\\Z&Cr#\%\\L[i%Ȁ\\93\\ۀ\t\#\?D˺ky#r\T\0>(@ķ֣͍<\'Ҳ\-AȄ\Su\ֶBI`8]\\E<p\0r|h`7My\Tth\H\'=I9\mV&A\c\U NG#E\\n;S\W;)\\񂣏qV}ZKˏ\"v\@\\n.\\Pv	?\0};\L\mush`-?\e0M\\\ i\\M(\0Y\n=:\0DL\\F9?{\\rh\\hTrW\vqE\Q2\\'s\JUm5uw\n6[ʢ>P\zR\O\n\8WQQP\،3\\\\Zp$\\rU*$mH\~A~l\Z@\<\*nI3\!TTTwoO<4ѫm\\'0?.kJ\\\\IgVP1\n\yByPdj`4!\";zV?~%cgs o\'ڲP9m\5n4 \W4gV/\\t\\0ꪦ\\\0\\t\01eg\n\}i.Ycnb3\Z\0t\"P:iE9bx\jdn\s\h\0DYP39,\0׮\0Ͻfh\VG\\˿ϽkJn\\!.\\<f\s\I\0]\\\6}_\tB|z\ʱH\d \\'pzT\Jd*˼.\l?]Mڭ/\号_\\"uu2FpUwcq9\\$\ۉD<vg!Tt+^T\\)\\<\	\޷zVT f~(sL!G\JM0;\0?\)\\Z7RcM(=[4\\\i\0:\0?\n3I\0u\	4n\'Kxy \0:hJJc %A\N\0 \\7\\<%o[\'\3\\s\8xG2@\py,I\}:R3\ ^\\ yr0\PCoc\z{ӷ\0V7\f9\\0dt\LE[\B\h\F`N=1X\\\¤e\H=\t3Am#(\\0\Wt\b\xRxⳞERY&( Ԗ\^C\I\'U-*\Jzq֠d\${4Λgn2*lb7\H\\0\\a\Z\Q2m=Q\L5X\\H\=)c=6<p57۔9i7	\'S\r\#\\\4lTsҤtum\8\sU\H\2j^ho\\,\,i*9U\\\i0\\J)ir8\lQsn1F\\VWUL\\m\N\W7Ɵtrs}MI\E(B\qU]\_Xv\s\JԎ\^\m\\7˞\\ˊ)]Fl\'SS^\\ەJ<a3zP\\Pd\)Xr\\\וZf)\\JIܪ@oʯi-u\m`>\@\\\Y*x֝{*GcM06\\H,\gH`U{~\r\ISJ\]ջd\7ҴO\짞y\櫛\Y\G\'\q\\\4sy\N\[\EX\9brU4S`䪌;P\\\0\gM\zSF\\\ZٕF:Udh܇\3qUU\\\\iF\r?ZM0.}\F揄$\rR[\S1V\\24\\\qJ\	a;\zu\,\#pTpzSbC\&y,qS\\ƪ!S\yoP-DمaSR\Q\OZi32d_}+S\[\J\=Q.YwqOP\&sZ\r$I\=/.2JUc8L\]\O mO06\别R{\]\\9\\DYYN\f\MIf\g\0~ۄaqls\hym\n\c\V0zhRRY\R.<{\\$3dҡ s3#HI\H\@M);嘚ݙt\${\ \1\nݹC\0o*bṪ֥zPъ@\ͣ\\\[\>!ko&\Y\<\9\\\\1	ybثsG5=nC9B\\\\֋&*Kn\0\Z+Hϟb<HpA\Ee\'mA$X!\,LU[@\ ]\:\2\L0>\\\S\Dd,m?R\"%[$s\\Xd>O>ER\\\*\;\N\n\\Tdf\Q-#OWFr\\A\\\\n2<Mr}\qM5Z\[k\s3A\]\\4˳f\A%cs\0-:\fDS\	k=Cc\,\\\\ϽhIik\EX\J4\\\"H\0\\BY\=\\"\zԐ\m\"G\\3Fa*ǳ$u\'\0~4ZD1Gb8,\y\	\"WF$SX\Nϧ\?\lLP8\'\\0\Z\\\Hn\$\ӟΧQ_\\\0\\\J^\ɅrN\\\\M\/\\\Y\/\Ue\\\r\XO?CEo=V\\#uY>flu5,7M*o<8\Q4QyX\TlÕ\?\톩[\=\0\?v%_\0V\Ҕ#ՌT;n\\t\mWaC#Xڀ\'Z*{\\]^\Hl\3DF昂;)	*;u\\\\YQ1ɋC\L\A==#C\k4=Kn\Y`}\\in-\"Fg\u\'\9^\35mJ@\f~S\¹\0`s%\2\w1$2\=Iw+8|UU,\zzS\V4>fxF V:b0W<T]=`#\F\EV`I\f\\\RF7\'o\'<\\Cu\p\\\zR\0X \A\i	1\.~`	\j\\0\nY\\v(p~\P\{P2[[\rG<\\+rƻH\\n? } `8\S[\$yap38IwO\\ rMUoО&\\\\Jp[>(Xȧxq:bE\<dfR\'p-N\\\)ǵC\<RNӰ#ڄ\6x\y\Nʐ9\(c\L\0d#(D=\Zx8٩f\0\9Ȩ,\\n*\ֱ\֗w\4\G\0CL\\?(4\)\dz\Z\0o\	\WQ \0Ȩ?g`1֞\\l8yn\"p\3\\={R+ץ h\*$]\dQz\5 ZV\0x\:$ȲZƾsw5P\\\9\\;E\\\\B\\956T\\r\\cc\\ȧFzTWPd$\\P6S\\Zybw|:\\?pRW%>~U\2&\\nGc\0\U F\?jm\`\|n$tT3l@X7\'j\\\0\UQ\{z\r#4\Pri!9\\AU\nA\\T݀#b\qȫ\q%qVl\]Ҥ\;s\{\Gє\\p\j.q vl/QHL\GSdS\\c/͑\"ކ\n9\\7\J}^9\"\7+D۷#׊\c/\0\0T\\H@e8\;GzY&%\\u\*YdRB\x\Q\0\Q`.\(0s:`\@I=ʼ\v\z:\Z,n3|ߜf\cGܽrGqN*;ܑU}\>5Qop/[j/\\ (\܊p\\\Ic\qS\0$\du\p0\J~\P\\>\Zږ\Y,\T\{sb\'b!ߒwd)\&X*7\085>Ja\oWZ5\v\Tg;\\D\?]\A.H\ޢ\\ri\'\8ɧ\E \+BgHW\A\2\\QYC\\M\\r@*[\\~\p\X\r2\8/f`\B	\0ueE;cN;\Kd\+)o\O[\E&,rNq\=9\\h\"\\\\%O\n\\\"\lW\L\֪B$\maL%\\jk:x;Vm\\5_K\S$\o<\+B\\/\n1\^\Ě\\79\\[KZ\\`\nkyUR\巘0\=i/VHȗ1H.3Ƿ֗0\\6k#pN\y9M-\Dmі^qn-omZ[Ԉ\y40\\m\21Ccj\\d@dd%#ӊƼT\ʮ\EEyw\f?H89C++\\}\p	\s˲\D\\jR,Pe2Hr~w\"Gjg%_\\A\YqW=Ҧ \ݜz\6\d\\?ƩHOd8\1\0L\;y߀O^\=c\nF\'? &\^\bX\\=љUx\LIm\\\n	`=j\'[0\\r\ԑ6,z\S{X\n.<)\"o-Iq\rsֆ3Gq#[P\{\m:oݢA0\\"2Ü@\n\\E%sH\\Tb\"èݎ\M\0J,\<\\0\21*l\rI\S\COi\0#r(\ǶicfFx\LDa\(=i_\y4\oZcHH\\\0(b\jș[#\0qU֔\AH\<ô\\\ҠW#i:\`%z\p>C\ۚ/\\\a!taF\0U>\aϸ\\i@\֐\cJs\\H	ۑwd\0\jŵ.@\#h\n9Ww6z1\r?+s\\$D#vH\*<(@\n.\u\\5Jwml\#*C{I\\*6tg\U\*|\"=OI{^Bϖ\J\RJq\OMGe\\`\\r0%r3\ɩ%\0\ڪ\\\0ؕ=\\ñ R\\v+4c1ND\2S\FNz\\095*n\3l\"UH\\0sz$\\\?ɦ\9\xyE%1\r`+/wOqH.Wy\09i$p㏠&\@@+@$2/ 1\H\l\Tdp2	\F\0\0A\5i\mU+\#z&\0\\\eb\A\\\`\9 \*e\\bA\q\[^m;s)\\\Iک\;SU BH^g֚-\3rjTGhv;\\\¦X[G4\J\rņ&\'\3\4l	2\q\:b6\6m/jI\!z㹤O\`LN\\r	\H8f$ga\#dY]K$lTr:\zl)PCqP,e,W\\\n\!0\0\yxKf\'XV\dp2q\3R\9\Gz4mE[&ՏE?+Ui2ae\3W\\\X@\+;k\в\+iAiabh\!\\\0 z*\0\W\\0\0\UڟS\\\G+.\\ҤkU\e9\0\nc隂~\\{Q;	\0\\Zh\rIu\v@\6v\Sm\]\s\ۑ_j̒݋`W\1KLSvq\<\\\y\\u\r)\DÎ\"\mC\`ÃSqƱm}MUis2pT/\\:\ne\Bg\H7ٝ\\Pf`S#h98S\P\zcUNb\a\K\(g;\5#@,9\zTĪS/\\D\W*8=Easʥ\fs\"Ɇ\\(G\x|V\0rDUJ(\0i\nTB9ǵf[_zlS$*BsޚSAog\\rW\e{APw\*vC#/\jbwccvND,:ߐ\0;g\\P9\I\0\n\\M\?Z9DP\/RA$еHS\2h`[\U\:\i\0\0\g#\_\\8ot#\&\08U0!68w\0\\R\{\Z(1#\n$r\\n$cӞP;\7\8\\0\C\\y\'<\nv\0A+\\\FĆGJCTUW=h$\\zӸۜ֐>$fx\PW\\`{SϮj\ҧnj&7H\(h\a\F2CV0_QL\'h\\85)\E>Ϳ+h	)0a\֚\\\\~^\U5dMUG\\V5\6\\0\r$SǸT=zdw{\!ۅldYru%.0v\-t痀p{5[\W2eQ\z*F\\>\5H\\f#9\1\Ub\\\{`d\O8o\R\0_J\\0ɼ(\0v\c%7w\y6m\2{T&VXCڧi\\84a\rYJԫ\"HۉQMS\nzzDyC4Ab|b\\"H\sުX\\\\P=i\.<\\TXD\wƟn`\ҩ\w\\f\3\J@<\P\\n\e\n\\\\\\\"XCz\Uk\'\'$PɦL1\7pU`\vv\E+\n\\\֬,e\\"\g<(\0\\,G9\Z0Yuċ#\?ki3G\n\hT\X\\IfgoUK<\\\Yd\r%,ՏN+FCjTrj\v(\0䈹\r`\lm\03N\Z\\Ǣ\)QE\\0EWTnv?*vHw,6vj?DΪ\(qT\Q7\2\\z\us\0}\Z\[\0joI\j3w\A],\\\,\\ƣ7\O\79O\\\\w}L\\\\'\'v?\Bf\h(_5\0\\vw^I\V\\vc6(o$#88\ڬ,\'[\5\r;Hz­-lT\2bp\0\-m\=\m?+2xŵ*1ݻg\0WⴷE*OX\MF\lkX\\\\\"Npy\%Ӯa%\0=ׂ?\n5\L#\?Z}๋=$^TJX)\\\%Sލ?\;юN3]&\n\[7\Hr\;\\/\\N\HhR\QD\6\PX\b2s\\jZ]1\0\MF,YY@ TfPT8\z\\X$?|v\\[\	\ZKQeR\0\HA\4\3\\'*@\>n⍘1Z]5n\'+EYn\\Ǿ*IȤ#-\P\\»%g\'`u+\'ԍ<3.s\V\\ҒM%P\PF\sQUT{dy\\Dh[b\d`rzGBm\90]\\֦b	\0Қ	n*\\0ds*D\pFsWRT?q\{P\dSB`QisdT!ݲ	<\\@i+\*CB\͖=)r;t\N)\H\ڝR	\iIE/\@_.H\ڀ\\5 \n&\\'&\s(\n\\(e#\dv9\\3R\4r!R*\CVaRT6=}~\\\\0ҎBX1ޫa\%W\"\\\\Z-\\\'ZNlv\\H=?i\=vbOb)!ݻ\P$rzd1v|z\ZkG\qN\\\QJ[@L\n쭐j\PH9iDL$+\\2,a`\\azQ\y,ϽF\Fgi=֌v	p\c\c).҆RH䍿\(\vA$V\8=V3\6s\j_\ܸ\0T\G#9\d\\*R\j\\\[Bq\G\<~uF\D\	\\0IŅ\L\x+ҤA=EF!\s+c\\0KX\Sc\mw䎔\*\ǠrhϜ0\0\{J\rRYBO_j\"d|\\څ!nK}a1\\Z7\ꤏ\W=#\7L㊧\z\Q\\HS?ZѰ\漙#\n	\0G\n=O\V\\ȱۍ\ÐG\WY\v|{\H\a9\\'\\giMi\ɧE*\m\\?wf\\r;{U\S\E\a.n\rPF\'w\\Pn\AD\\E \i<\Zl\*y\cM\w\\\\Uپ\j6I\rj>N	Ҡ\0ZyϽ$fGZ`:HdnB\q\2\\ke<L\J}2s-(sH\0Y\<D1\Њ6\\4L8\r\U\\޵),;}<\7|\\Z\6nwH5<V	ï̇\QϽ֭Vd\\M@\O\Z\\Zk[O1\0+e[z\UKf,G\PւORŴ\"+a\\lВ5S=.pmn\V\\7;\vt#=L<JY\\0\&w}\i#r]j\\줒)xtI͕\ y\nH;w5FO0?A;!`Nz\]\|?:nl+\\qTU4)+ O)Ny\GjԒX`\eqN\Ex\;%r23{ЬHfj{U6S\rҴa2\4\r~@P\\'ў\RB\\\I$,k򝕉\zU\!\\J2lg\8F}\\8\\0oP!uʨ;q\i\F>G\\9㡨dyS\S\sO\\MV\0X\\\H\vǞ1LiG*S\2?Zar`8<EM\,s)Wց!43kb) \\\r\%C\\')\\ȠՎ\\0<\0h)\dR\H\2{F\Eh\I ^@(\*\n\i#֚/f#j3IǫQdwp\)O\M c\l>#Y\ӭؙ\\q\֚H	V\nUO_9v2ƾ\W9n\\Ҳ\\}\\\Qx=EFkq4\\Tmbڕ\-t\0\r*\(\\5r,\4\*9ڼ{Pf!F\3j7K\0<\0\nM\I\N@u\M2\VLEDĹ;qI\"[6\0\Zdjq֧\0c\n\\vFv\$V\%БӁU\aI:SCT$\׊?*lX8?\T\UHE8⋰4T6ⱓ\R. RJ\j\F~׉\0\QE\nobǟj?ʩ\\"GR\'qQn;\:\ܸy\\7\[VRQ$2\UNWp+>\H&*\\nx@svNOzQbMf]C3\HPg:\tU\qO\_\Z_\0\吩`\ZEm#^cy3\\0׭\ZӴ\&(\\\nꠅ-!ۂ;}j+4\Ay\\\j9f\1?\AjH\.#\\̸\c\SM\\\0]\\՛<rcP\X%z3\dvNO\Z엍\\\\0a\Hiq֢-VO#Q\P|\\0eeVnչ-n=B7?k\'\N	\\\ZVL\sV\c2e\0שOm3Lĸ\\\I\Z\j\\Ȓ\0\~`Uc\~U)XD4\\Ry\r\\)j\/cӄ\64\07\d\\Z\\\\&GN\X\1\\(fC$XF.\\\]\oo\\A90\0\n\?3\{So5qH(Ֆo<_)B;j\\\\\Y\q\\jl܎*Q\I\Z\n}\'.z\?*A\\\Kp\'\\\w\\\։v\"w\\L\n~\\'ζ2u2ux\Z*\.M\ҷ4un8a\zqm=\2\\e\#IlIA\#9\ri-\\'5\\K\x|w_s!\!1\kI[\\00de#5{`#.7#cV5ʋ\\#\\z\GW\nr\0=j4J\86<\q\\\;\\+ 늲N\rT\^\\0\U\8\\Zll\@7oJv9*󝾕B7\N\wcU\\v?QI	`\\Z\lW\C+{Sz(\R\cR;9J\c1\@^En;su:qԑ4Pl\砥3\Pc\\A25d FS+\ZC;-\\73i\,G9?Z%$*A\sQ4+\Z\\=i\\\`9\h\]sORW\0A\z\edO5X\`u\;\laj\\>\[ϥaG\u\sV\\\0_s\0\펹1iă\\OM\\rų\Ib6q\Wb\\'2\\\Zd;3\\\S@GCǥo&aa*3Jt\(-\\6BߦE%4>Vs=\F7\'\0w/[ۦz`.Zh\}f~Kp?*9r<`V!R\"Iɭ\Z/\\\"\\\r5r{m&C-&\'%۹4\"H\gky<-\[FBƷmuHme\ΐmҲ\\"ۮ,\_\\\*`\)N}\rt[ӦlM%\-\2\Ad|\1@8p\f@84wtj}{jAҀ:\`w\r#\\0\M^X\$ROzo\V-,o	[h\\8+i|\y\q[_]$>l۪\\r̕\n\r\"y\:1\j,\bp|,I\zzS\Z\\@0V\\<Aam\0֑\'\\\LŅ\廙\*is\Z8.T+8\\(z:cIt^w\8 9v[@2V\զ\jG\ke\k\$86\Z\"Q=\0:=6R\8\~Y\~ux\?5\-MŀG\ّ\ۈ\\\\0`dO\\0I\0	#4]\ȁ=TA5\0O\c\0\VRx\y(ڹ\Ak3PF<\[HLpO+\gDb\%o\\^\MON!\4\ڹ\0\\nj\\\0:.;:\A\sh\0V\Ms?\ڨ\3t\r{T=go΋\\0\0\j_\\sY-^\q-\\{kB\Yii[\h%\aT\ZE\0Iva\C\)ľd{Mg\rex\0uz<4<Cf{?\\+\#\Z\;Uɸ\\t{9dH\\h却}$̈\mF\U\p\0`\Y\b\0V\\\~\{\'Pcv@\.q(,Tvy%ļb8OU+$2~\\\\\\O\gbNj׷kt.$\4Zi[I\GE+^4T\0*aN0\\'.\Hѣc\n>\V)ąRI\\fAok*R\j\cz\R\S\o\\Z\bvA=(R@\\'^Z@\\#<\U\Xm\\*B]>\?p$\n\\'9h\n=͈%Ir:S\&Xռ\({TvF%1\\\QPQS7\+RO;q?(Xzt0\D\\ꣁd\\"\#FxK9#\%dX{L\8\J!\֭2\4\\!@\r	\%\ 6Oj89W\0w\pBKcتllsq\\0v\\L63P	ywdg=)p\rS\jl!\Q.{sTf``i\l\\M?>H9\N*\l\G\r[*\dʞJ8qڒXq\'\0\c\)a\i\6A\ڪA\"+,wg\y\sJ=iJzrl|\0\0?N* o4\#\\\L\O\\߰\SbϜw\\W-Q_S]\\q\<h\R-K^\\0`\Ho-\\\XmKJ$\\0rR}CL\'3\ˬ~F>|<29\0q\3Ո\,#0\8\ZlH\\0g)\Z\D6c\hz\"\_|k$^}D\\1\[]kJ/\ꎱ7 17\0\8\sKP\Z\L\AZ4)\\'\n*.\\\#Y&)?\63ݙ\1홤`7\P]\8\\>b\\W/5\B.5hGE\4\믣\p8\\\Ol\b\X%<0GobƵ\\FvU\DSԪ\*妧:\r;4KZ\ԂZRsKIKL4t榯A@Q]m--$Jw#+ሮB\#5\q\ Wo]Y\e\\\0\jTQ\[\HQZ)\Wnw		Ήm\n(}6\Z^&6P;7\8uM\[R\\n\zm4\sl,\\՚Vߵ\~F\\\>4^\c \N6\X\pܚ\ܰ\I\$g\\0ZYіc\\GnHʰ\ny6pfZci\\Zo\	\\)\طʎ\Xҋ`yn\<͖\:[\\\r+vIܱ0\\ݦ\'WbDW\/F;OsRm\0\\0|\p4>\۶υ>֢Y\d\\\<\UZw\0\U[L\?Z.TD\UQ~=Smvw`)}+U\>T5\\X\\ۭ\\ʏZ]\l\>\Z\G\t\0\R\rߓaQo\\\\ۙe\[.\Y:M?w\\*?J\0\\e\\\>ƿMN\\Zқó&2\CX\0\M*\Xg\0Ja\\\rYYm>)Iqq.>\s\\vvXD\L\\\=\j\y5#yڤ\Max\\?,+\\\nP\b4;pjAm,v͙H8ǭ_[\\\#4X{i6?\}hK\ny\\Ÿ\S\\ۘQm\$VԦ\+Ơ\H,\frCs\\Z:[ةnx\s3\ !z94\tt\\\,{~U-\\K\\Ov\\\\e*y\?SYܤ\\ByQɨ\KEnC\\5T(<weMK\\h=qU\,FzԸ]Z`J\lYj1\C \叔\0z\\r\_0P>\[ңn@R\W&\bR\=`\\n\v\\\\A?5\DcˍvV\:[oڱ:\3H-\d\'\sPAvD\ç%ǖ﹜c\;У빋\ZIfW{LU=Nv\j\\\\_\5.@c.p\\Q<Ų\jѷ]v\\0רV\_\?\t\DAzR\nry\\Ua \\梹\2sqIp\e\\\0!Aan\`l!zހ\"hԶ\rG$v|	\\~qRS.\O\P\Jq1L\NU\OJ1G\oʫs\N\ET{[:<Q\\\v&\Ih\/릲\\ą\Ƿ)l5y AM\2F;TFqړbaf=;\0b_\\@w.(w7CY\lV\\'\U\]4(>UO\\)\&h\\2Rw\:w\A5jA\{\nݚ+Y~H\\0ǩ\\6bvlbrQ\0+?\Acv=M[\|\@EB\O&2\IK65ðD^\r\A;KÌZɷ\\Z\X[_\\\'o\0.p\2a\N?S%#&K\\\\$\ݼtꞁ\5\K)!U_ַO-\"\\\G\\u(\&\jSZ\ٚE7\ƿ@y-vBUGfr*sr֒\\\\˗؞\\\aٜ~?jIj)tJ)(\Vbޞ\r E&gҀ\i\S8\5z\n\0\ѤK{Ĺ6dqڭ\SS\\/#+\\D\l,	,\fېGju}O2xܸ9kD{\Z\\m\2+	q\YfN>k \޴I\'Km \0\\6ˠ^p((\\0ǞƓ̈\6\'4ϵ\G\\nwۮ\}\@\h@sZ\\Ʋ	c$P0\\\}{ۖrꢄ\\G\I`\=z\0*zZ\$cb\(=Η=\"\\\*\](XzνM9\wb\!?5o4\\d\0Ҕj`gx\\\0l}V\`?\\\04n\$Q\0]^I A&	Q\0A\d?Z\I$mu\C%e\)\$ˎNw-4#}1Gҋ%YDͨ)q\fj\L~鐏\\~\)jֵ\\ɪ?<\\F\Աl~ɭàOs6Jz\v;Cj\;r}\Z-?L/9\\?x4\d\0j?h۲K\\c\\\ͫ!-\rv{m.k\\ݒMs5\\\N~qHK\nME:F@J>%8nee@\\\SfiM6\\dX<\\*\\"51G\ᑌ}\rA<\DN>Qj\\ݒA6\0.]~]\ՉpY<T\A<BE\j)9桶	9\sM\"G!9TcT\W\Wny&\f;H7\Ox\bX)rhL\^;}\rW|\\P\\\Ŋ9\\(ry\\\\\rƩID[ZB6\,xێU7b\ˌLD`\k\\G\+\nFM9 ;\r\8\jh؍2i\$(-լ\\\0U\\\lմҴ\t4d\\R\\HٷsH\=\i`=5Jī\dP±\%ɕoM%8IZ>Q9%kCs_\;0!9il\0+prq}b\L]1\OΩ#̃\>7\\pza\᎜\\.EX\p\'c\Y}\n\`c0Ͱ`23\\R\cSMl\iŢ[.|OC\y@vE\\6\\\0čs\қ`Xq/\\\߯JE7=\W\"F,C\\"|p:wр\_AB\\\'I!еcn\\Fb,\9 J\!#ye\q\?]%<\\>\\[\C<q\U\;-\ȑ\\\\\\`V}\#^t\Rwch\ZfVB`nԲsWIa\"\sɩmdyg\\ⱦ\6M!!\r\֩áK\"񁏥C\Z39\$Ƶt\\Z@\?cEy\-ۻ\ֶsKh\nG\xP3Fkȍ0>\"<\ns+}+?Ft{3\"[>kc\kOJ~y1\TDZ\g\=o?ef-F2\\z^\\B\%\	\\0V#\ОP%n;TTif\wNJ\7\rz\y\1oֹ\4\"gH8});Ӆ5{ӨiA4\@;fZϵ0)\!by9-\\E݀I=c\ǋ\n:\Fc8{.	V>Q$\ZI\+s@\r_,\\c\w\j=	(\QG\\\/*AQ~T8\Ҙ\\\\T\0N\\>4ܟOΫ \c4\5hǑ\A9ǵImyw\\\UA#b*ռ>l[9E\\09&M.2\=*y\"HK1\ƛni`\Z\Mb\\5,9t\rN<\K1n\4\ѨH`d\0j|\ьE\"t\T\\\s2pu+V?\[x$ک,;7+0jb3V0y- 2J\\koJ\4R9l\V#hdLsMh\Ojdo[h)\\\\L\f\\<!\\.\Up\<\n\dFÚZ\Tr\qEe i\?3\0*Wϻ\ƣ#¥Ξ)呤d\'&2}kMfa4?:\E\EQ}\=b\y9\M[\U\AWeK*ۚs\<;TOz\~-UXj-%o}@l\\'.\Tj7~v;8W\\`,q`(\m+Zz\\[jeQԊ\#V}psڪܠ+\N*\(\1w)\9\UP];MPv77h\l\֟.v\0Ϟ~t%\\"\\]ߙ\\6Ƕtl\qbwU6٣ɺP\rr	ۏ\RT=c_\Pp\R\R6:\nHY\\}?濕\'\c\8,C`\՝:UbD\\uf\=\Lh\n\)\۲ߓK4hTRTR3]9q\"\\P7y.$Ü\G\8\ğZ\15-69\"\2d\T,$ʐ~\<v\\X~4\\r14XV9mb\sZJ\(h\);F>@d`ɨ\q\b*ܪ.\0d\;0\T\\jĤ͍>\\(\T`\t\0ⵣ\w\\[^d\5\"jsF͵$\Ś\Z\\\bm{jŠ6\9fp=O\0Z$+<˂\:(QV\c\Pʫ\O\)44G챽\'\0\5\\Pۦ\0Q\N\8\dyNW\L\\ݞ\c\#5GЇG\\+<~Bk\[@4\4YY\T\g\\pͽWQ-,۠?\\\ֲo\rMtr\Zr\g\x+[;\0kYi0Y[ʌ\s \jM\\k\\\0\>\N#3|\ӯ\0\=\H\~\FrQq\\H?^k-s\\c\\J7\\:_v?EzZ.˳\0.N\rL\";\oKF]Dj,xe\\F\\\V\R?\G\J4X\0˧\\0ע\\\\04+*k\ԋjP5͸򗓵(\\\X7sRmj\\e.6#^8\&\\nf#\7{xԭku\0<\\nj\0{zѽ!QOҍ\\@y\\0\n<\O\T\=)7J\0\\G\~U_y\}(ǜq\~U_\=ǜ{\\0_\=va@\Tl\g=)D$\3\ؑH\M\\Z\\Õ`\\\03SE-iT\p\0\0X\\nڬ\e\Q\0z*IgEW[YՊ\sWUt->[\\F\\E\ԁ\5kR\n\'\\QB\M|\;\94]N\Z?0\cڣ]c\8\3\ۡBI\R\Oinco1$\\H㊴\;\O;F6c޿0goR=OY\8⣊I\FfB{I\)p\c~[@b#|q\rq\\\@\)@:*0\bB\Qaf\\\ӽ.ׄR}ۏ\1`h=@\\0`<\j\BeiK44羳dp\x\~\\ֶE<sHʊC	\GnZ\f\?i\\UX\`\0\0&\y\\k\N\\T\\\r1\0\\\>!\01@\{\n#j\i0H0>\19c\\04\\9\\pj6\04c\~u+\O#=\\3\r ȧ?\n\0#\'<g֗w\\`.hۚNqޜ	8\?*QwR\ZxZ\0$@~2㕨4\'\"$\o\O[t\.zdT\M\0FՑJb-Rq\S8cJ\\\\\\0NoGHt{=:%|\"ԑΥ}\\0\l\mҬ$\\)sL\n\F\Kt\jUyKVr}\\0\n\0ZD>\/֞-\\\Z?\SJ\0`Q+@G[\0:\0Q@4P\\aA\\?.\;P\j\Ϣ\6G<\P\o\\4RKFc\@#gV?ҭqcc5UTVs-3v;\Dj\'e \0+9\1\<҆\T9!\r\\0Rx\(\C&(*h3!迭C>\K\\|g2h\TE\0ǳH(S,}B=/9?J\ѷÊ\0̏ʔ<Lp\ڢsӢ_<\j\0\Қe=b?4\+LVpSUy\$__JL՛{\\'̟F8xr?\n\|ػ\Z\Ŀ\:vatS>{Tv\\0*_\"1\E\9f,:z\R@\\Z\O\*݆sO!9#A<(\z1,R~wZ]\\X*\4ÍX<\+u8GO4UDa}\w\dS)X\#\\S]n+^\$A\8o\Q-\FYpz\ZO]EO\Vcۊ\W\0\z\\`2N1Hd)=MFe\h\G4Ps\nִ\r\\\\0s@\!\h\\X\\\^РKu1\Ci}u\ \ހ9ۏ&N1P\"hJ\,Z4mH6/&6Lr]A\\7=\j\\\Ai\1\J@ qJex?CY\ns\8L䚛\~\/qΪ8#I\?\n\0\T&G\U<\qMiO,:Úau⪖\\#4\#ހ,1\\0Q4\\n*#!\$1ր%f\\<L/\\Zn\P\5\\'4[\F}\DX\81	Ӂ\*-\s@v<P\;?ʢV#M8HO\0#u\Vzj9\@\\MVY1\SOY74guH?\\(qJ\R\Wu}7D?SJf\'\0\"3Sg,FOUSS͜H\\0_V\$Sy0\'Ɯ\'(\`q\~Rx\3U\\	\h\\\Uċv\\<H3\\0N\n\'\nɜ\zb@$Ҁ\\؊\0(G^ԡ\\ڠ\\J$\$\\-\\E\*\\Sׯt(\%\x=\Z瘡$\j\0w@4pqT#\?V%IlSy\0\L{\o\C[1=7U@3\J?ߠ;mO8sGh{\?\#j6:\\\XZ\>d\0\ZC\r\0~+\0רP\\w#U*\~\\\0@\rA.~\"\\?\Qv)ٟWT\D\F\({\\{\)\\`>\PJ69Ta Ľ\r44g0\?*?sV\}\r\\A#o(ϣg2:LH\\@\Y^1\:\?\ҁ\f6#ԭz\\W5Q\˜z\ZM\\\\,X3[֠\\ҁ\\'$\X4z>)y&L\F\z߰k0ht%\O@Es+q,v\8b?M\\n2\!֋\\F\yYE\瑑\\\\[K\\\\*ƣR~f䞦A\0?֝dg[cdN\\\OS7&@7\\0|tm\7\QyT\!kcN\\q3ڤ[@{P{$8\ڔIZ+K}\\#\V\{dެ&l`j(\0zP\g\rIy͟\=N\\E\QL\$R\\@\y\G4\\8\7\}0րw<SIGsQ@\\4.1) (\\0\\>a9\1\r;\{N\\\Zi	!9>\=\4\\\4ßҐG\48\0]\ߵ\0Hz`\4g\qL9\1\\\Q\LS\\hi\\1\O@\~\(\\c)\B)\xf\'\0Lx\\D\ޜ~0ʞU\Z(v\hm=i\PO4\b\0\å81\sקmV(=EeA5c$)\4@8\0\%N\\'\"25	\H(;Oݠkv \\\\\\\\)i7ķsED*=Ќx\P\Z3c5O\\f<\1n\|\Fޜ\Z\0\.=sH?:\K\|\\[\\\]}h\\\4M\5M>K	\?ֺuޛ{\Z\H\P9A-iZ׼sl\W5\J:\\\\P`\ӷ77c\0u*]\@,\D튈#wr\孇\A=I\@6\ni,O8I)b?*\N9\\ƾ\\v,yF0s\s\\O\\ZasL\r\K7̀\qPy6iԻ}MS21\M\h\f+R\\Qdњ\083F\\'\j:1@\\KzS1K\0]ޔc{R⑗\0Uv\'V#lj54oښYm\d]OoZ[[ؐ\n*K\"\09\n~\LEU#,\4jjm\"^@\7`\\fq\2\3\oZwBH\\4\,M$\\tu5q\NR[s-ryj6\\Z~8Fy\2JFsTO4\z`\{@\01\)\\GB@\\\4\?֓\0\FFy\S\H\ni1\+G\GL\n\0PP\R\>/;G\R0 ;\n;/\8\qG;pzRGc\0c0OZpc\\"q\q\0i#<Qn1ԊB\=p(7ǧA9\! \\0\t\'\(繦䁃s@8OҀs\I\\'dzb\\(\'Ҙ\\\\9\'Ҁ3\*\}*! \js\\~\q\@rsS\@5v۝(V	g \dq\\E.\\\c@ݽ=GnH\\ȥ\\ր-%4\q깑NY>\?ր,)*~#&?*\U\X\/ \ߕ\0X20u<n;Vx\<=3A\r<}\\0\\H\FON泅\\ \\\\?J\0\;GmN՞\w\ >\\dm\\c\fiV2\S*y\65aw2\X\ڑP\H\\^J6d\\Nn=i\T\0Se\\҄^Tvi\$o\ǥYkU(>\hF_\0@\\3@=Z&+\\\0t9[}ӆ\'C@Onǜʡ{y3\ַ$}Gza#\\@-t\|=\[p\\f\0_\0`F\oJ\kt\z\t6\*\0\'ks\\y6;Cjd1<\j\#1X\\\@KQ䷥mieV\\0cy-\Gޕ\\=?G\rO01|\lt\})E1@S\yO\Vе(zdgN\\ڋΘ\\o(]0c52Z}\E\G\0<\򧄜ؤ?]O\ׯZqu`[]\0y\\\kh\O\\nFz8\l\@GlU(\jǔe\)T 鸟zA\N޴\\'\ܠS\rv\\zw\\\Hى\\0G,\02y\(\-9h\\8>)\r}R\n?\07\H@4\'&p=ph\\ސL;p\'\4nA\0 \'\3\\Z	v78>l\n\0qQRd\nic\6\\@׿=i\\1\@pO\\\Ґ\n}\\\sǠ\H\n)A\\@\\\&ა3Lhڸ\Қ\\zPۜi\NW\\Lr2(<cۚPTr\OB2i7Ĝq@SN@\"H<zQ\ހ\\i\GLqIFz\0AIc4\0H\\ZPܜi\\0\c\hbFA{P\\@\2=A\g	7\9d\\1>\-Hhq\"tRD2x-Ӳ҇㩠)*\,?N\\\0\n	U\x=Pf\\\ךwI\0\_\\\`Gj\0$>\\u\\0\Jw\G\\\Zpr\ 7场O	y\W;rI\$!F\\\0X\r(8\r0\\0\P908	O>\\݌\=y\\\0P\Q=)\J\:\0\-P\]qM/Y\"\9\:b\\nPCǿ\PrA\#\\J:sS@8;z@\4\In}\b(<\Z\02q\\\\Cn\NB\B33p(L)\\v*2\\)\\0J21\(\:9&ўAv\(\\iK\rpAh@>SGGZMgC1qI5!\fϱ	\n\\aL`d隍# \\ӳģ?T\0t\n\\e[ n\3梙\s\0I\\@6\\ w7$Z B0G\0^@!iJ\9n\@W2\0Z`H	Tb`\mǮMGma<SaGsր3ʸ\'m\'dqQ\0b\Ѱ\$a\\$\0N\Ldx\z\P\c 9,{\_\<\U\9\\B\8\z\n\0P[<\%.}\:\M,z)fnYTAϡ\d\I#\4\'l=i\\}\r\0\'P\0=\i\\f\8\ۄ\8K2S\w=:PX\\&9\\09\y\\\g;A\C3N:q֓\*1\\S\\J\\0y\K\ }6\ycv攡P3\КRrvg#a\zրI\\4\z\c$\R2\[yZLz3\֕9n\@Fv\6\(ݓ\0G9x`G\03\)\ :S\'\Z;dA\1۹V\qN7\0\\S\֗9n0=\\d\04#$}\`/v \>\=Ojz\ϥ/V\9\w\=i\I-vFG \n\0\9I\\M.~c\^\сؚ\0D\0XxL\`qy4\0[\'\\nVlx%O\\F\?4\0\;G\ߕ!8\|Á@f#\\A9\\'\'项#3@s@\]we%#4\n\0H\\\0S[@ݏ~he\'<?*\0yfV\04dϯ98\	D\0\r縨\\'\'})x籠	ps~J!lc>(B\<dނ\g\h@\*E\.3fld8>\(>\&xR\A=sޫ\zR\wE\w(\\\0*˟#\\0=[\1I\\0e\jPF\dP\W\ 	Z3\DB\nZRP2(PT`9G\#\\LS\sB\0=Nh\\\07gsH\\N@E0ެ~\|1ǹ;wEJ\ Bb \0>8ےy\$o\&*x\nX*+\\\\1\\"0*:\0JYwݽ4oƚ\\r\I\\#H	s=L\\\G>Ԟc\D}\=\0+$d\r}\I>c\' sF\\\ޘ\n$P9P޴E8\t\\CV,x\\W+R\nhV\sCIp8\uی`\4\rzgZL\KX\n\06\O3\\\\GjLq\0Ҁ9eiYI\\H\ם{P]i	rs۵8I$\0hʶ	4\0K>?Znz\֎w}\ \0$dN	\\\CHI\?\$?G\nN\'\<P8P6 cF	\\erFqԎ\ߗnG\\0 \IGN(b61qp$q@p8\!qAw\KA=(q\\)\\'G\ɠ\ۜvc\\Hs\0:R\i(:)\u>\9\\4\0\'\@zSK\=iY\q\\\fx\8?4\\\f\@\^f\G7\\q\aހXI QF\KF*q\\\w1\\0\rwZv	䓚=\\y?(\0ZU\Ͽ\\{Є\\@4\r\☸݀{PA\_0\E#0\8 @9 :}(\G(\S@!\r\@	0$u8OKv4\<Rpx;qޣ߂O80\րz\#8^nn\a\ӽ\0HIb\\sRpNzjUw\'9(\0\{. \0:p\\\ZQcN\\0\~\\Oz\'4N}\\jL0)`\@\0r?*\a)8\~\8\0G\8ivʐc\LtW^9~>o9\\\@\rpF)[\?(n\r\9%\0\.-q\'##@rpH\\n>z➹\\\|\9hRk	8\֔\w8\\{\\\=)9\'(\\\"\@bI\';\|ǅ\׭8\q\3 }> 3\H1H\ӆNAQǿj\0L\\04\zPIR>^qHH\,=\$\i\\Z1ocҗo\F@㠠d\ʗ-\;\ZLi\n&s@pS9\8\q\H\2WҔ\})\'vR(\'\n\*<n \\04\\0\0\H\8\}$tl\H8\0\Z\0^Sq\\H\n\M.p1O\0m\'\0ڐ@x#LV\\N\N8\z\0R\IS\ict\h?gp<\0\',NULL,NULL,NULL);
/*!40000 ALTER TABLE `examination` ENABLE KEYS */;
UNLOCK TABLES;

--
-- Table structure for table `examinationtype`
--

DROP TABLE IF EXISTS `examinationtype`;
/*!40101 SET @saved_cs_client     = @@character_set_client */;
/*!40101 SET character_set_client = utf8 */;
CREATE TABLE `examinationtype` (
  `typeID` int(11) NOT NULL,
  `typeName` varchar(45) DEFAULT NULL,
  PRIMARY KEY (`typeID`)
) ENGINE=InnoDB DEFAULT CHARSET=utf8;
/*!40101 SET character_set_client = @saved_cs_client */;

--
-- Dumping data for table `examinationtype`
--

LOCK TABLES `examinationtype` WRITE;
/*!40000 ALTER TABLE `examinationtype` DISABLE KEYS */;
INSERT INTO `examinationtype` VALUES (0,'Check');
/*!40000 ALTER TABLE `examinationtype` ENABLE KEYS */;
UNLOCK TABLES;

--
-- Table structure for table `person`
--

DROP TABLE IF EXISTS `person`;
/*!40101 SET @saved_cs_client     = @@character_set_client */;
/*!40101 SET character_set_client = utf8 */;
CREATE TABLE `person` (
  `personID` varchar(9) NOT NULL,
  `personName` varchar(45) DEFAULT NULL,
  `personFamily` varchar(45) DEFAULT NULL,
  `personEmail` varchar(45) DEFAULT NULL,
  `personPhone` varchar(45) DEFAULT NULL,
  `personAddress` varchar(45) DEFAULT NULL,
  PRIMARY KEY (`personID`)
) ENGINE=InnoDB DEFAULT CHARSET=utf8;
/*!40101 SET character_set_client = @saved_cs_client */;

--
-- Dumping data for table `person`
--

LOCK TABLES `person` WRITE;
/*!40000 ALTER TABLE `person` DISABLE KEYS */;
INSERT INTO `person` VALUES ('123456789','Yossi','Bitton','none','052-2222222','Karmiel'),('147258369','Barak','Itzhaki','none','03-987412','Jerusalem'),('213245658','Assaf','Tzar',NULL,NULL,'Nofit'),('302632195','Shay','Shahar','shayscal90@gmail.com','0509443347','Haifa'),('305003659','Ra','Cohen','none',NULL,NULL),('741852963','Dani','Danieli','asdad@walla.com','052-9878233','Jerusalem'),('852963741','Moni','Mushonov','none','054-1231234','Tel Aviv'),('987654321','Yossi','Bitton','none','054-4445554','Karmiel'),('999999910','Moshe','Moshe','moshemoshe@gmail.com','03-435341','Haifa'),('999999911','Yehoram','Arbel','yoar@gmail.com','02-435435','Nofit'),('999999912','Hassan','Nasrallah','none','054-45343324','Zichron Yakov'),('999999913','Muhamad','Death','none','054-2342341','Somewhere'),('999999914','Itzak','Zohar','none','050-2342341','Tel Aviv'),('999999915','Taleb','Tawatha','none','04-345341','Haifa'),('999999991','Yossi','Benayun','yossi@gmail.com','050-1431233','Haifa'),('999999992','Itay','Shecter','itay@gmail.com','04-3242341','Haifa'),('999999993','Eran','Zehavi','eran@walla.com','03-2355114','Ramat Gan'),('999999994','Tal','Ben - Haim','tal@braude.ac.il','08-1342351','Ramat Gan'),('999999995','Christiano','Ronaldo','cr7@gmail.com','054-234211','Ramat Gan'),('999999996','Bar','Refaeli','barbar@gmail.com','052-536321','Tel Aviv'),('999999997','Gal','Gadot','galg@walla.co.il','03-6520234','Tel Aviv'),('999999998','Pini','Balili','pinhas@gmail.com','04-235214','Tel Aviv'),('999999999','Eyal','Bercovich','eyalbe@gmail.com','055-4354352','Haifa');
/*!40000 ALTER TABLE `person` ENABLE KEYS */;
UNLOCK TABLES;

--
-- Table structure for table `reference`
--

DROP TABLE IF EXISTS `reference`;
/*!40101 SET @saved_cs_client     = @@character_set_client */;
/*!40101 SET character_set_client = utf8 */;
CREATE TABLE `reference` (
  `refID` int(11) NOT NULL AUTO_INCREMENT,
  `refDate` date DEFAULT NULL,
  `refComments` varchar(2000) DEFAULT NULL,
  `refUrgency` varchar(45) DEFAULT NULL,
  `refStatus` int(11) DEFAULT NULL,
  `client_id` int(11) DEFAULT NULL,
  `specialist_id` int(11) DEFAULT NULL,
  `examination_id` int(11) DEFAULT NULL,
  `type_id` int(11) DEFAULT NULL,
  PRIMARY KEY (`refID`),
  KEY `client_idx` (`client_id`),
  KEY `client_id_idx` (`client_id`),
  KEY `specialist_idx` (`specialist_id`),
  KEY `examination_id_idx` (`examination_id`),
  KEY `type_id_idx` (`type_id`),
  CONSTRAINT `client_id` FOREIGN KEY (`client_id`) REFERENCES `clients` (`clientID`) ON DELETE NO ACTION ON UPDATE NO ACTION,
  CONSTRAINT `examination_id` FOREIGN KEY (`examination_id`) REFERENCES `examination` (`exID`) ON DELETE NO ACTION ON UPDATE NO ACTION,
  CONSTRAINT `specialist_id` FOREIGN KEY (`specialist_id`) REFERENCES `specialists` (`specialistID`) ON DELETE NO ACTION ON UPDATE NO ACTION,
  CONSTRAINT `type_id` FOREIGN KEY (`type_id`) REFERENCES `examinationtype` (`typeID`) ON DELETE NO ACTION ON UPDATE NO ACTION
) ENGINE=InnoDB AUTO_INCREMENT=2 DEFAULT CHARSET=utf8;
/*!40101 SET character_set_client = @saved_cs_client */;

--
-- Dumping data for table `reference`
--

LOCK TABLES `reference` WRITE;
/*!40000 ALTER TABLE `reference` DISABLE KEYS */;
INSERT INTO `reference` VALUES (1,'2016-05-11','Some Comments','HIGH',0,1,16,1,0);
/*!40000 ALTER TABLE `reference` ENABLE KEYS */;
UNLOCK TABLES;

--
-- Table structure for table `specialists`
--

DROP TABLE IF EXISTS `specialists`;
/*!40101 SET @saved_cs_client     = @@character_set_client */;
/*!40101 SET character_set_client = utf8 */;
CREATE TABLE `specialists` (
  `specialistID` int(11) NOT NULL,
  `specialistType` varchar(100) NOT NULL,
  `personID` varchar(45) NOT NULL,
  `branchName` varchar(45) NOT NULL,
  PRIMARY KEY (`specialistID`),
  KEY `branchName_idx` (`branchName`),
  KEY `personID_idx` (`personID`),
  CONSTRAINT `branchName` FOREIGN KEY (`branchName`) REFERENCES `branches` (`branchName`) ON DELETE NO ACTION ON UPDATE NO ACTION,
  CONSTRAINT `pesron` FOREIGN KEY (`personID`) REFERENCES `person` (`personID`) ON DELETE NO ACTION ON UPDATE NO ACTION
) ENGINE=InnoDB DEFAULT CHARSET=utf8;
/*!40101 SET character_set_client = @saved_cs_client */;

--
-- Dumping data for table `specialists`
--

LOCK TABLES `specialists` WRITE;
/*!40000 ALTER TABLE `specialists` DISABLE KEYS */;
INSERT INTO `specialists` VALUES (1,'Cardiology','999999991','Mini IHealth'),(2,'Cardiology','999999992','IHealth 2'),(3,'Neurology','999999993','IHealth 2'),(4,'Gastroenterology','999999994','Mini IHealth'),(5,'Gastroenterology','999999995','IHealth 2'),(6,'Gastroenterology','999999996','IHealth 1'),(7,'Microbiology','999999997','Mini IHealth'),(9,'Microbiology','999999998','IHealth 1'),(10,'Allergology','999999999','IHealth 3'),(11,'Psychiatry','999999910','IHealth 1'),(12,'Psychiatry','999999911','IHealth 2'),(13,'Orthopaedics','999999912','IHealth 1'),(14,'Child psychiatry','999999913','IHealth 3'),(15,'Dermatology','999999914','IHealth 3'),(16,'Dermatology','213245658','IHealth 3');
/*!40000 ALTER TABLE `specialists` ENABLE KEYS */;
UNLOCK TABLES;

--
-- Table structure for table `users`
--

DROP TABLE IF EXISTS `users`;
/*!40101 SET @saved_cs_client     = @@character_set_client */;
/*!40101 SET character_set_client = utf8 */;
CREATE TABLE `users` (
  `userName` varchar(45) NOT NULL,
  `userPassword` varchar(45) DEFAULT NULL,
  `userStatus` tinyint(4) DEFAULT '0',
  `userPrivilege` varchar(45) DEFAULT NULL,
  `personID` varchar(9) DEFAULT NULL,
  PRIMARY KEY (`userName`),
  KEY `personID_idx` (`personID`),
  CONSTRAINT `personID` FOREIGN KEY (`personID`) REFERENCES `person` (`personID`) ON DELETE NO ACTION ON UPDATE NO ACTION
) ENGINE=InnoDB DEFAULT CHARSET=utf8;
/*!40101 SET character_set_client = @saved_cs_client */;

--
-- Dumping data for table `users`
--

LOCK TABLES `users` WRITE;
/*!40000 ALTER TABLE `users` DISABLE KEYS */;
INSERT INTO `users` VALUES ('asaf','12',0,'Specialist','213245658'),('raz','1234',0,'LabWorker','305003659'),('shay','11',0,'Dispatcher','302632195'),('shay2','11',0,'General','999999999');
/*!40000 ALTER TABLE `users` ENABLE KEYS */;
UNLOCK TABLES;
/*!40103 SET TIME_ZONE=@OLD_TIME_ZONE */;

/*!40101 SET SQL_MODE=@OLD_SQL_MODE */;
/*!40014 SET FOREIGN_KEY_CHECKS=@OLD_FOREIGN_KEY_CHECKS */;
/*!40014 SET UNIQUE_CHECKS=@OLD_UNIQUE_CHECKS */;
/*!40101 SET CHARACTER_SET_CLIENT=@OLD_CHARACTER_SET_CLIENT */;
/*!40101 SET CHARACTER_SET_RESULTS=@OLD_CHARACTER_SET_RESULTS */;
/*!40101 SET COLLATION_CONNECTION=@OLD_COLLATION_CONNECTION */;
/*!40111 SET SQL_NOTES=@OLD_SQL_NOTES */;

-- Dump completed on 2016-05-15 13:19:55
